Modelo,MAE,MSE,RMSE,R2
RandomForestRegressor,1327.1873089430892,3564893.0617154487,1888.0924399285775,0.9548427731195783
KNeighborsRegressor,2761.6910487804876,22081831.339519244,4699.130913213553,0.7202849425014618
LinearRegression,3700.946766566437,41999478.49672403,6480.700463431714,0.4679840470661094
MLPRegressor,13488.530086979736,260881063.12743858,16151.81299815716,-2.3046335899855652
