Modelo,MAE,MSE,RMSE,R2
RandomForestRegressor,3.7921746018261726,30.716121714256552,5.542212709221521,0.8807959798252126
MLPRegressor,4.639592271862547,34.06362532483018,5.836405171407326,0.8678048902715864
KNeighborsRegressor,6.800514563106796,73.61869240776699,8.580133589156231,0.7142984333551524
LinearRegression,7.7455592439214325,95.9709400911068,9.796475901624358,0.627553179231485
