Modelo,MAE,MSE,RMSE,R2
MLPRegressor,30.801685538056912,1521.0487737475098,39.00062529944244,0.07752670933671213
LinearRegression,30.724375573719218,1572.4678464529827,39.65435469722062,0.04634248827810039
RandomForestRegressor,32.692466402133746,1702.5385375510723,41.26182906211348,-0.032541726683976924
KNeighborsRegressor,33.65409,1819.056878,42.650403022714805,-0.1032068222362581
