Modelo,MAE,MSE,RMSE,R2
RandomForestRegressor,2.0917222222222214,8.894596672113291,2.982381040731263,0.8787107893688255
MLPRegressor,2.3017670737213187,12.557947557297831,3.5437194523971325,0.8287563109918448
KNeighborsRegressor,2.8411764705882354,22.634627450980396,4.757586305153107,0.6913478825782604
LinearRegression,3.1474359300697676,25.002388923514808,5.000238886644798,0.6590604241860212
