Modelo,MAE,MSE,RMSE,R2
LinearRegression,0.22705547907892037,0.08759566042260637,0.295965640611552,0.9732727291779208
RandomForestRegressor,0.26576433862434085,0.09638919512396255,0.31046609335636405,0.9705896375462966
KNeighborsRegressor,0.26466666666666666,0.10353333333333331,0.32176596049509854,0.9684098113335481
MLPRegressor,0.3720686426520163,0.2717166508219987,0.5212644730096218,0.9170935583069859
