Dataset,Modelo,MAE,MSE,RMSE,R2
Iris,LinearRegression,0.22705547907892037,0.08759566042260637,0.295965640611552,0.9732727291779208
CarPrice_Assignment,RandomForestRegressor,1327.1873089430892,3564893.0617154487,1888.0924399285775,0.9548427731195783
concrete_data,RandomForestRegressor,3.7921746018261726,30.716121714256552,5.542212709221521,0.8807959798252126
HousingData,RandomForestRegressor,2.0917222222222214,8.894596672113291,2.982381040731263,0.8787107893688255
WineQT,RandomForestRegressor,0.41032023289665215,0.29899209121785536,0.5468016927715709,0.4627015195820867
diabetes_prediction_dataset,MLPRegressor,30.801685538056912,1521.0487737475098,39.00062529944244,0.07752670933671213
