Modelo,MAE,MSE,RMSE,R2
RandomForestRegressor,0.41032023289665215,0.29899209121785536,0.5468016927715709,0.4627015195820867
LinearRegression,0.4773398352588607,0.38003245026277516,0.6164677203737233,0.3170693672733129
KNeighborsRegressor,0.46375545851528394,0.38270742358078597,0.6186335131406849,0.31226235350558607
MLPRegressor,0.508724657718091,0.45462844810333847,0.674261409323816,0.18301794095719415
